"work-around for bug which means we must use ""dbo"" for schema";SQLDatabaseMetaData.java;sql12/fw/src/net/sourceforge/squirrel_sql/fw/sql;85;Technical Debt
without limiting it, and do that read if needed.  If there is a problem during the;MyTableModel.java;sql12/fw/src/net/sourceforge/squirrel_sql/fw/datasetviewer;57;Technical Debt
why there is no isGenericDialect - it would always return true if there was one, making it useless.;DialectFactory.java;sql12/fw/src/net/sourceforge/squirrel_sql/fw/dialects;348;Technical Debt
Why null??;ResultTab.java;sql12/app/src/net/sourceforge/squirrel_sql/client/session/mainpanel;266;Technical Debt
We know this fails - Bug# 1700093;CodeReformatorTest.java;sql12/test/src/net/sourceforge/squirrel_sql/fw/codereformat;70;Technical Debt
way to fix this problem, but it hides the problem for now.  A better;ObjectTreePanel.java;sql12/app/src/net/sourceforge/squirrel_sql/client/session/mainpanel/objecttree;1093;Technical Debt
very long lines better than the;SyntaxPreferencesPanel.java;sql12/plugins/syntax/src/net/sourceforge/squirrel_sql/plugins/syntax;379;Technical Debt
using MockObjects, this is problematic since there are many;MockSession.java;sql12/test/mockobjects/net/sourceforge/squirrel_sql/client/session;126;Technical Debt
Total Hack! Type OTHER(1111) can be other types as well?;OracleDialectExt.java;sql12/fw/src/net/sourceforge/squirrel_sql/fw/dialects;82;Technical Debt
TODO?? ColumnDisplayDefinition should also have the Type (String, Date,;ResultSetDataSet.java;sql12/fw/src/net/sourceforge/squirrel_sql/fw/datasetviewer;249;Technical Debt
TODO: Write the Ingres plugin, then rip this out.;RefactoringPlugin.java;sql12/plugins/refactoring/src/net/sourceforge/squirrel_sql/plugins/refactoring;332;Technical Debt
TODO: Why shouldn't we call registerSQLDriver here? RMM 20070401;SQLDriverManager.java;sql12/fw/src/net/sourceforge/squirrel_sql/fw/sql;124;Technical Debt
TODO: When message are can have some text in red (error);ValidateSQLCommand.java;sql12/plugins/sqlval/src/net/sourceforge/squirrel_sql/plugins/sqlval/cmd;98;Technical Debt
TODO: When JDK1.4 is the earliest JDK supported;ResultSetColumnReader.java;sql12/fw/src/net/sourceforge/squirrel_sql/fw/sql;96;Technical Debt
TODO: What about these;LAFRegister.java;sql12/plugins/laf/src/net/sourceforge/squirrel_sql/plugins/laf;60;Technical Debt
TODO: verify this;InterbaseDialectExt.java;sql12/fw/src/net/sourceforge/squirrel_sql/fw/dialects;381;Technical Debt
TODO: use the destination database type to derive a format;DBUtil.java;sql12/plugins/dbcopy/src/net/sourceforge/squirrel_sql/plugins/dbcopy/util;1012;Technical Debt
TODO: use the destination database type to derive a format;DBUtil.java;sql12/plugins/dbcopy/src/net/sourceforge/squirrel_sql/plugins/dbcopy/util;1022;Technical Debt
TODO: use the destination database type to derive a;DBUtil.java;sql12/plugins/dbcopy/src/net/sourceforge/squirrel_sql/plugins/dbcopy/util;880;Technical Debt
TODO: Tooltips;CSVSettingsPanel.java;sql12/plugins/dataimport/src/net/sourceforge/squirrel_sql/plugins/dataimport/importer/csv;71;Technical Debt
TODO: This won't work when the column has values with quotes in them.;AddLookupTableCommand.java;sql12/plugins/refactoring/src/net/sourceforge/squirrel_sql/plugins/refactoring/commands;231;Technical Debt
TODO: This won't work when the column has values with quotes in them.;AddLookupTableCommand.java;sql12/plugins/refactoring/src/net/sourceforge/squirrel_sql/plugins/refactoring/commands;315;Technical Debt
TODO: This should be handled with an Iterator!!!;JavabeanDataSet.java;sql12/fw/src/net/sourceforge/squirrel_sql/fw/datasetviewer;162;Technical Debt
TODO: This should be handled with an Iterator;ResultSetDataSet.java;sql12/fw/src/net/sourceforge/squirrel_sql/fw/datasetviewer;219;Technical Debt
TODO: This should be done in the dialect's getTableDropSQL method for a database specific;DropTablesCommand.java;sql12/plugins/refactoring/src/net/sourceforge/squirrel_sql/plugins/refactoring/commands;146;Technical Debt
TODO: This is a nasty quick hack. Needs an API to do this.;MainFrameMenuBar.java;sql12/app/src/net/sourceforge/squirrel_sql/client/gui/mainframe;526;Technical Debt
TODO: This is a must if sorting is done in a thread! ??;SortableTableModel.java;sql12/fw/src/net/sourceforge/squirrel_sql/fw/gui;242;Technical Debt
TODO: These 2 should be handled with an Iterator.;ResultSetDataSet.java;sql12/fw/src/net/sourceforge/squirrel_sql/fw/datasetviewer;40;Technical Debt
TODO: These 2 should be handled with an Iterator!!!;JavabeanDataSet.java;sql12/fw/src/net/sourceforge/squirrel_sql/fw/datasetviewer;50;Technical Debt
TODO: Temporary until we sort out a better way to do guido's fix;SessionTest.java;sql12/test/src/net/sourceforge/squirrel_sql/client/session;160;Technical Debt
TODO: Temporary until we sort out a better way to do guido's fix;SessionTest.java;sql12/test/src/net/sourceforge/squirrel_sql/client/session;165;Technical Debt
TODO: tell the user that the selected destination schema is;CompareAction.java;sql12/plugins/dbdiff/src/net/sourceforge/squirrel_sql/plugins/dbdiff/actions;75;Technical Debt
TODO: tell the user that the selected destination schema is;PasteTableAction.java;sql12/plugins/dbcopy/src/net/sourceforge/squirrel_sql/plugins/dbcopy/actions;136;Technical Debt
"TODO: subclass these hibernate dialects to provide the ""canPasteTo""";DialectFactory.java;sql12/fw/src/net/sourceforge/squirrel_sql/fw/dialects;59;Technical Debt
TODO: Spring-inject when this class is a Spring bean;UpdateUtilImpl.java;sql12/app/src/net/sourceforge/squirrel_sql/client/update;114;Technical Debt
TODO: Spring-inject when this class is a Spring bean;UpdateUtilImpl.java;sql12/app/src/net/sourceforge/squirrel_sql/client/update;122;Technical Debt
TODO: Spring-inject when this class is a Spring bean;UpdateUtilImpl.java;sql12/app/src/net/sourceforge/squirrel_sql/client/update;130;Technical Debt
TODO: Spring-inject when this class is a Spring bean;UpdateUtilImpl.java;sql12/app/src/net/sourceforge/squirrel_sql/client/update;138;Technical Debt
TODO: SPATIAL and FULLTEXT indexes require a MyISAM engine for the table. Is there a way;MySQLDialectExt.java;sql12/fw/src/net/sourceforge/squirrel_sql/fw/dialects;663;Technical Debt
TODO: sort the list.;GenerateSqlDialog.java;sql12/plugins/mssql/src/net/sourceforge/squirrel_sql/plugins/mssql/gui;397;Technical Debt
TODO: Should we change the mode from editable to;ContentsTab.java;sql12/app/src/net/sourceforge/squirrel_sql/client/session/mainpanel/objecttree/tabs/table;311;Technical Debt
TODO: should the constraint name simply be the column name or something more like a constraint;DB2DialectExt.java;sql12/fw/src/net/sourceforge/squirrel_sql/fw/dialects;290;Technical Debt
TODO: should I be adding quotes if user wants identifiers quoted??;InformixDialectExt.java;sql12/fw/src/net/sourceforge/squirrel_sql/fw/dialects;1178;Technical Debt
TODO: Should have session listeners instead of these calls.;SessionManager.java;sql12/app/src/net/sourceforge/squirrel_sql/client/session;279;Technical Debt
"TODO: should also make sure that each of the columns is made ""NOT NULL""";InformixDialectExt.java;sql12/fw/src/net/sourceforge/squirrel_sql/fw/dialects;241;Technical Debt
TODO: Setup title correctly.;SessionPropertiesSheet.java;sql12/app/src/net/sourceforge/squirrel_sql/client/session/properties;194;Technical Debt
TODO: set the total for the progress bar.;CopyProgressMonitor.java;sql12/plugins/dbcopy/src/net/sourceforge/squirrel_sql/plugins/dbcopy;467;Technical Debt
TODO: Rename to IObjectTreeNodeExpander;INodeExpander.java;sql12/app/src/net/sourceforge/squirrel_sql/client/session/mainpanel/objecttree;24;Technical Debt
TODO: RENAME to DataSetViewerPropertyDestination;DataSetViewerPropertyPanel.java;sql12/fw/src/net/sourceforge/squirrel_sql/fw/datasetviewer;25;Technical Debt
TODO: Rename this to getTableType.;TableInfo.java;sql12/fw/src/net/sourceforge/squirrel_sql/fw/sql;77;Technical Debt
TODO: Remove this when Frontbase bug gets fixed.;DialectExternalTest.java;sql12/test/external/net/sourceforge/squirrel_sql/fw/dialects;1588;Technical Debt
TODO: Refresh;AlterTableAction.java;sql12/plugins/mysql/src/net/sourceforge/squirrel_sql/plugins/mysql/action;67;Technical Debt
TODO: Put throws clause back in;DefaultPlugin.java;sql12/app/src/net/sourceforge/squirrel_sql/client/plugin;78;Technical Debt
TODO: Put in all the property accessors;DataTypeInfo.java;sql12/fw/src/net/sourceforge/squirrel_sql/fw/sql;20;Technical Debt
"TODO: Perhaps we can tell the user when they click ""Copy Table""";DBUtil.java;sql12/plugins/dbcopy/src/net/sourceforge/squirrel_sql/plugins/dbcopy/util;1460;Technical Debt
TODO: Perhaps re-introduce the REAL type, but use the new;AxionDialectExt.java;sql12/fw/src/net/sourceforge/squirrel_sql/fw/dialects;78;Technical Debt
TODO: pass in a message handler so user gets error msgs.;Application.java;sql12/app/src/net/sourceforge/squirrel_sql/client;736;Technical Debt
TODO: Once we're happy that JFCUtilities is no longer required;BasePopupMenu.java;sql12/fw/src/net/sourceforge/squirrel_sql/fw/gui;27;Technical Debt
TODO: ON [PRIMARY];MssqlIntrospector.java;sql12/plugins/mssql/src/net/sourceforge/squirrel_sql/plugins/mssql/util;772;Technical Debt
TODO: new feature could be to examine table list for FK's;CopyExecutor.java;sql12/plugins/dbcopy/src/net/sourceforge/squirrel_sql/plugins/dbcopy;207;Technical Debt
TODO: Need to enhance the index dialog to allow specifying storage option. For now just accept the;MySQLDialectExt.java;sql12/fw/src/net/sourceforge/squirrel_sql/fw/dialects;701;Technical Debt
TODO: Need to define a better approach to getting dialects.;OracleSourceTab.java;sql12/plugins/oracle/src/net/sourceforge/squirrel_sql/plugins/oracle/tab;109;Technical Debt
TODO: Need to allow user to specify this;IngresDialectExt.java;sql12/fw/src/net/sourceforge/squirrel_sql/fw/dialects;178;Technical Debt
TODO: Need to add storageOptions to the add index dialog;SybaseDialectExt.java;sql12/fw/src/net/sourceforge/squirrel_sql/fw/dialects;621;Technical Debt
TODO: Maybe someday we could inform the user that the imported;DBUtil.java;sql12/plugins/dbcopy/src/net/sourceforge/squirrel_sql/plugins/dbcopy/util;208;Technical Debt
TODO: Maybe prompt the user to ask to append the records,;CopyProgressMonitor.java;sql12/plugins/dbcopy/src/net/sourceforge/squirrel_sql/plugins/dbcopy;441;Technical Debt
TODO: maybe instead of throwing an exception, we could ask;DBUtil.java;sql12/plugins/dbcopy/src/net/sourceforge/squirrel_sql/plugins/dbcopy/util;1401;Technical Debt
TODO: Make properties file Application.properties so we can use class;Application.java;sql12/app/src/net/sourceforge/squirrel_sql/client;215;Technical Debt
TODO: Make Parameter implement SQLItem interface which has a getString;RunBookmarkCommand.java;sql12/plugins/sqlbookmark/src/net/sourceforge/squirrel_sql/plugins/sqlbookmark;138;Technical Debt
TODO: just noticed that MySQL 5.0 supports a multi-bit BIT;DBUtil.java;sql12/plugins/dbcopy/src/net/sourceforge/squirrel_sql/plugins/dbcopy/util;808;Technical Debt
TODO: is this right???;DBUtil.java;sql12/plugins/dbcopy/src/net/sourceforge/squirrel_sql/plugins/dbcopy/util;868;Technical Debt
TODO: is this right???;DBUtil.java;sql12/plugins/dbcopy/src/net/sourceforge/squirrel_sql/plugins/dbcopy/util;895;Technical Debt
TODO: is this right???;DBUtil.java;sql12/plugins/dbcopy/src/net/sourceforge/squirrel_sql/plugins/dbcopy/util;948;Technical Debt
TODO: Is giving a FK constraint a name universally supported;DBUtil.java;sql12/plugins/dbcopy/src/net/sourceforge/squirrel_sql/plugins/dbcopy/util;199;Technical Debt
TODO: Implement this better;ImportTableDataCommand.java;sql12/plugins/dataimport/src/net/sourceforge/squirrel_sql/plugins/dataimport/action;166;Technical Debt
"TODO: if the use checks ""export entire table"" and doesn't select all,";TableExportCsvCommand.java;sql12/fw/src/net/sourceforge/squirrel_sql/fw/gui/action;113;Technical Debt
TODO: i18n;Utilities.java;sql12/fw/src/net/sourceforge/squirrel_sql/fw/util;279;Technical Debt
TODO: How to let the user customize this??;OracleSourceTab.java;sql12/plugins/oracle/src/net/sourceforge/squirrel_sql/plugins/oracle/tab;115;Technical Debt
TODO: Hard coded -. JDBC/ODBC bridge JDK1.4;CellComponentFactory.java;sql12/fw/src/net/sourceforge/squirrel_sql/fw/datasetviewer/cellcomponent;1028;Technical Debt
TODO: Hard coded -. JDBC/ODBC bridge JDK1.4;ResultSetReader.java;sql12/fw/src/net/sourceforge/squirrel_sql/fw/sql;313;Technical Debt
TODO: Hard coded -. JDBC/ODBC bridge JDK1.4;ResultSetReader.java;sql12/fw/src/net/sourceforge/squirrel_sql/fw/sql;577;Technical Debt
TODO: FILLFACTOR, ON [PRIMARY], etc.;MssqlIntrospector.java;sql12/plugins/mssql/src/net/sourceforge/squirrel_sql/plugins/mssql/util;731;Technical Debt
TODO: Figure out why the selection of the root node in the object tree;ObjectTreePanel.java;sql12/app/src/net/sourceforge/squirrel_sql/client/session/mainpanel/objecttree;1088;Technical Debt
TODO: figure out why bind variables aren't working;DB2DialectExt.java;sql12/fw/src/net/sourceforge/squirrel_sql/fw/dialects;1019;Technical Debt
TODO: figure out how to get then name of the table that the trigger;TriggerSourceTab.java;sql12/plugins/sybase/src/net/sourceforge/squirrel_sql/plugins/SybaseASE/tab;48;Technical Debt
TODO: figure out a more reliable way to handle OTHER type;DBUtil.java;sql12/plugins/dbcopy/src/net/sourceforge/squirrel_sql/plugins/dbcopy/util;960;Technical Debt
TODO: Do we need this one. */;OsterTextControl.java;sql12/plugins/syntax/src/net/sourceforge/squirrel_sql/plugins/syntax/oster;358;Technical Debt
TODO: Do we need this one. */;OsterTextControl.java;sql12/plugins/syntax/src/net/sourceforge/squirrel_sql/plugins/syntax/oster;368;Technical Debt
TODO: Do we need this one. */;OsterTextControl.java;sql12/plugins/syntax/src/net/sourceforge/squirrel_sql/plugins/syntax/oster;378;Technical Debt
TODO: Do we need this one. */;OsterTextControl.java;sql12/plugins/syntax/src/net/sourceforge/squirrel_sql/plugins/syntax/oster;388;Technical Debt
TODO: Do we need this one. */;OsterTextControl.java;sql12/plugins/syntax/src/net/sourceforge/squirrel_sql/plugins/syntax/oster;398;Technical Debt
TODO: Do we need this one. */;OsterTextControl.java;sql12/plugins/syntax/src/net/sourceforge/squirrel_sql/plugins/syntax/oster;408;Technical Debt
TODO: Do we need this one. */;OsterTextControl.java;sql12/plugins/syntax/src/net/sourceforge/squirrel_sql/plugins/syntax/oster;418;Technical Debt
TODO: Do we need this one. */;OsterTextControl.java;sql12/plugins/syntax/src/net/sourceforge/squirrel_sql/plugins/syntax/oster;488;Technical Debt
TODO: Do we need this one. */;OsterTextControl.java;sql12/plugins/syntax/src/net/sourceforge/squirrel_sql/plugins/syntax/oster;498;Technical Debt
TODO: Determine the best way to derive the filesize and checksum of the plugin zip that was last;ArtifactInstallerImpl.java;sql12/app/src/net/sourceforge/squirrel_sql/client/update/gui/installer;458;Technical Debt
TODO: Delete ME;IPersistable.java;sql12/fw/src/net/sourceforge/squirrel_sql/fw/persist;20;Technical Debt
TODO: Delete Me;SessionFactory.java;sql12/app/src/net/sourceforge/squirrel_sql/client/session;20;Technical Debt
TODO: Decide whether this should be a bound property or not.;SQLDriver.java;sql12/fw/src/net/sourceforge/squirrel_sql/fw/sql;336;Technical Debt
TODO: create the child index ST;SybaseDialectExt.java;sql12/fw/src/net/sourceforge/squirrel_sql/fw/dialects;546;Technical Debt
TODO: consider filing a bug report against Axion build M3.;AxionDialectExt.java;sql12/fw/src/net/sourceforge/squirrel_sql/fw/dialects;56;Technical Debt
TODO: columns, tables;StylesList.java;sql12/plugins/syntax/src/net/sourceforge/squirrel_sql/plugins/syntax/prefspanel;67;Technical Debt
TODO: check to be sure that the source and destination schemas are;PasteTableAction.java;sql12/plugins/dbcopy/src/net/sourceforge/squirrel_sql/plugins/dbcopy/actions;206;Technical Debt
TODO: Can HttpClient be used to get the byte-size of release.xml so we can perform this check?;UpdateUtilImpl.java;sql12/app/src/net/sourceforge/squirrel_sql/client/update;1050;Technical Debt
TODO: Bizarre that I couldn't find a valid SQL to drop an index.;DaffodilDialectExt.java;sql12/fw/src/net/sourceforge/squirrel_sql/fw/dialects;742;Technical Debt
"TODO: ask the user if they want to ""undo"" the changes that the";CopyProgressMonitor.java;sql12/plugins/dbcopy/src/net/sourceforge/squirrel_sql/plugins/dbcopy;260;Technical Debt
TODO: Are there unique indexes in daffodil ?;DaffodilDialectExt.java;sql12/fw/src/net/sourceforge/squirrel_sql/fw/dialects;520;Technical Debt
TODO: Allow the user to specify the sequence name for dialects that don't natively support;AddAutoIncrementCommand.java;sql12/plugins/refactoring/src/net/sourceforge/squirrel_sql/plugins/refactoring/commands;109;Technical Debt
TODO: allow the user to specify ignore case or preserve case.;DiffExecutor.java;sql12/plugins/dbdiff/src/net/sourceforge/squirrel_sql/plugins/dbdiff;209;Technical Debt
TODO: allow the user to choose the name of the index that is created.;MySQLDialectExt.java;sql12/fw/src/net/sourceforge/squirrel_sql/fw/dialects;617;Technical Debt
TODO: allow the user to choose the index type that is created.;MySQLDialectExt.java;sql12/fw/src/net/sourceforge/squirrel_sql/fw/dialects;623;Technical Debt
TODO: add support for plugin-registered data-type preferences panels;CellComponentFactory.java;sql12/fw/src/net/sourceforge/squirrel_sql/fw/datasetviewer/cellcomponent;802;Technical Debt
TODO: ? Dialog Handling on Cancelled ?;MessageSQLExecuterHandler.java;sql12/plugins/postgres/src/net/sourceforge/squirrel_sql/plugins/postgres/commands/handler;92;Technical Debt
TODO: - Col - Add method to Databasemetadata that returns array;ContentsTab.java;sql12/app/src/net/sourceforge/squirrel_sql/client/session/mainpanel/objecttree/tabs/table;222;Technical Debt
TODO: setFont(style.createStyledFont(getFont())),;StylesList.java;sql12/plugins/syntax/src/net/sourceforge/squirrel_sql/plugins/syntax/prefspanel;163;Technical Debt
TODO verify this is correct;HSQLDialectExt.java;sql12/fw/src/net/sourceforge/squirrel_sql/fw/dialects;980;Technical Debt
TODO Probably want to allow the user to set these sequence properties ??;DialectUtils.java;sql12/fw/src/net/sourceforge/squirrel_sql/fw/dialects;2800;Technical Debt
TODO need to implement or change the message;InterbaseDialectExt.java;sql12/fw/src/net/sourceforge/squirrel_sql/fw/dialects;440;Technical Debt
TODO Need to have a generic hibernate dialect extend this to provide the types.;CommonHibernateDialect.java;sql12/fw/src/net/sourceforge/squirrel_sql/fw/dialects;593;Technical Debt
TODO move to new standard location and rewrite test to be less static;TestOraclePluginPreferencesPanel.java;sql12/test/jfctests/net/sourceforge/squirrel_sql/plugins/oracle/gui;43;Technical Debt
TODO Maybe we should have a checkbox to allow the user to toggle;ColumnDetailDialog.java;sql12/app/src/net/sourceforge/squirrel_sql/client/gui/db;256;Technical Debt
TODO I18N;CreateSelectScriptCommand.java;sql12/plugins/sqlscript/src/net/sourceforge/squirrel_sql/plugins/sqlscript/table_script;80;Technical Debt
TODO : This test passes on Windows but fails on Linux with a;FileTest.java;sql12/test/src/net/sourceforge/squirrel_sql/fw/util;666;Technical Debt
TODO;DialectFactoryTest.java;sql12/test/src/net/sourceforge/squirrel_sql/fw/dialects;293;Technical Debt
TODO;DialectFactoryTest.java;sql12/test/src/net/sourceforge/squirrel_sql/fw/dialects;300;Technical Debt
TODO;DialectFactoryTest.java;sql12/test/src/net/sourceforge/squirrel_sql/fw/dialects;307;Technical Debt
TODO;DialectFactoryTest.java;sql12/test/src/net/sourceforge/squirrel_sql/fw/dialects;314;Technical Debt
TODO;DialectFactoryTest.java;sql12/test/src/net/sourceforge/squirrel_sql/fw/dialects;336;Technical Debt
TODO;DialectFactoryTest.java;sql12/test/src/net/sourceforge/squirrel_sql/fw/dialects;343;Technical Debt
TODO;DialectFactoryTest.java;sql12/test/src/net/sourceforge/squirrel_sql/fw/dialects;72;Technical Debt
TODO;ISqlJPlugin.java;sql12/plugins/isqlj/src/org/rege/isqlj/squirrel;78;Technical Debt
TODO;ISqlJPlugin.java;sql12/plugins/isqlj/src/org/rege/isqlj/squirrel;84;Technical Debt
TODO;MssqlPlugin.java;sql12/plugins/mssql/src/net/sourceforge/squirrel_sql/plugins/mssql;514;Technical Debt
TODO;MssqlPlugin.java;sql12/plugins/mssql/src/net/sourceforge/squirrel_sql/plugins/mssql;520;Technical Debt
TODO;ResultSetColumnReaderTest.java;sql12/test/src/net/sourceforge/squirrel_sql/fw/sql;137;Technical Debt
TODO;ResultSetColumnReaderTest.java;sql12/test/src/net/sourceforge/squirrel_sql/fw/sql;238;Technical Debt
TODO;ResultSetColumnReaderTest.java;sql12/test/src/net/sourceforge/squirrel_sql/fw/sql;244;Technical Debt
TODO;ResultSetColumnReaderTest.java;sql12/test/src/net/sourceforge/squirrel_sql/fw/sql;250;Technical Debt
TODO;ResultSetColumnReaderTest.java;sql12/test/src/net/sourceforge/squirrel_sql/fw/sql;256;Technical Debt
TODO;ResultSetColumnReaderTest.java;sql12/test/src/net/sourceforge/squirrel_sql/fw/sql;262;Technical Debt
TODO;ResultSetColumnReaderTest.java;sql12/test/src/net/sourceforge/squirrel_sql/fw/sql;84;Technical Debt
TODO;TableConstraintsTest.java;sql12/test/src/net/sourceforge/squirrel_sql/plugins/mssql;61;Technical Debt
TODO;TableConstraintsTest.java;sql12/test/src/net/sourceforge/squirrel_sql/plugins/mssql;67;Technical Debt
TODO;TableConstraintsTest.java;sql12/test/src/net/sourceforge/squirrel_sql/plugins/mssql;73;Technical Debt
TODO;TableConstraintsTest.java;sql12/test/src/net/sourceforge/squirrel_sql/plugins/mssql;79;Technical Debt
TODO;UserScriptPlugin.java;sql12/plugins/userscript/src/net/sourceforge/squirrel_sql/plugins/userscript;212;Technical Debt
TODO;UserScriptPlugin.java;sql12/plugins/userscript/src/net/sourceforge/squirrel_sql/plugins/userscript;218;Technical Debt
though this is a hack, it doesn't seem to negatively impact;OraclePlugin.java;sql12/plugins/oracle/src/net/sourceforge/squirrel_sql/plugins/oracle;824;Technical Debt
this problem until I can determine why the DatabaseObjectInfoTab;ObjectTreeTabbedPane.java;sql12/app/src/net/sourceforge/squirrel_sql/client/session/mainpanel/objecttree;121;Technical Debt
This is to fix a problem with the JDK (up to version 1.3);ObjectTreeInternalFrame.java;sql12/app/src/net/sourceforge/squirrel_sql/client/gui/session;117;Technical Debt
This is to fix a problem with the JDK (up to version 1.3);SQLInternalFrame.java;sql12/app/src/net/sourceforge/squirrel_sql/client/gui/session;79;Technical Debt
This is due to a known bug in;SyntaxPreferencesPanel.java;sql12/plugins/syntax/src/net/sourceforge/squirrel_sql/plugins/syntax;381;Technical Debt
This is a work-around for what looks like a bug to me - it is a syntax error to qualify with the;PostgreSQLDialectExt.java;sql12/fw/src/net/sourceforge/squirrel_sql/fw/dialects;815;Technical Debt
think of it, perhaps we shouldn't be computing the checksum of *any* existing files, why don't;ArtifactInstallerImpl.java;sql12/app/src/net/sourceforge/squirrel_sql/client/update/gui/installer;460;Technical Debt
The question is, why?;KeyManager.java;sql12/plugins/syntax/src/net/sourceforge/squirrel_sql/plugins/syntax;29;Technical Debt
the new function. THis way all the kludges are kept in one place.;ContentsTab.java;sql12/app/src/net/sourceforge/squirrel_sql/client/session/mainpanel/objecttree/tabs/table;224;Technical Debt
The following ugly conversion from text to Byte is necessary because;BinaryDisplayConverter.java;sql12/fw/src/net/sourceforge/squirrel_sql/fw/datasetviewer/cellcomponent;182;Technical Debt
The following is a work-around for the problem on Mac OS X where;Application.java;sql12/app/src/net/sourceforge/squirrel_sql/client;1156;Technical Debt
That's why we can't use _sqlEntryPanelIdentifier;NetbeansSQLEditorPane.java;sql12/plugins/syntax/src/net/sourceforge/squirrel_sql/plugins/syntax/netbeans;168;Technical Debt
sun implementation. Why on earth they couldnt formalise the tree;ExplainPlanExecuter.java;sql12/plugins/oracle/src/net/sourceforge/squirrel_sql/plugins/oracle/explainplan;321;Technical Debt
Setup preferences to make jGoodies LAF look better.;LAFPlugin.java;sql12/plugins/laf/src/net/sourceforge/squirrel_sql/plugins/laf;212;Technical Debt
Setting the starting position is ugly.  I just picked a point.;DataSetViewerEditableTablePanel.java;sql12/fw/src/net/sourceforge/squirrel_sql/fw/datasetviewer;375;Technical Debt
same hack as above.;ColTypeMapper.java;sql12/plugins/dbcopy/src/net/sourceforge/squirrel_sql/plugins/dbcopy;172;Technical Debt
right of the selected tab is selected.  This is a work-around for;ObjectTreeTabbedPane.java;sql12/app/src/net/sourceforge/squirrel_sql/client/session/mainpanel/objecttree;120;Technical Debt
only function easilly available from the Arrays class);MyTableModel.java;sql12/fw/src/net/sourceforge/squirrel_sql/fw/datasetviewer;197;Technical Debt
One may ask why we don't register the key strokes permanently.;KeyManager.java;sql12/plugins/syntax/src/net/sourceforge/squirrel_sql/plugins/syntax;25;Technical Debt
OK, this is a hack.  Currently, when precision == scale, I have;ColTypeMapper.java;sql12/plugins/dbcopy/src/net/sourceforge/squirrel_sql/plugins/dbcopy;148;Technical Debt
of objects for getBestRowIdentifier. For PostgreSQL put this kludge in;ContentsTab.java;sql12/app/src/net/sourceforge/squirrel_sql/client/session/mainpanel/objecttree/tabs/table;223;Technical Debt
Need better test for Windows;FileTest.java;sql12/test/src/net/sourceforge/squirrel_sql/fw/util;1782;Technical Debt
Move any i18n files that are located in the core downloads dir to the i18n downloads dir. The spring;ArtifactDownloaderImpl.java;sql12/app/src/net/sourceforge/squirrel_sql/client/update/downloader;215;Technical Debt
"message handler. TODO: This is a pain. PostgreSQL sends ""raise";SQLExecuterTask.java;sql12/app/src/net/sourceforge/squirrel_sql/client/session;562;Technical Debt
maybe with Inner join better performance;MergeTableCommand.java;sql12/plugins/refactoring/src/net/sourceforge/squirrel_sql/plugins/refactoring/commands;278;Technical Debt
KLUDGE!!!!!!;ContentsTab.java;sql12/app/src/net/sourceforge/squirrel_sql/client/session/mainpanel/objecttree/tabs/table;226;Technical Debt
KLUDGE:;ContentsTab.java;sql12/app/src/net/sourceforge/squirrel_sql/client/session/mainpanel/objecttree/tabs/table;350;Technical Debt
JASON: Make menu smarter. When second window for the same;WindowManager.java;sql12/app/src/net/sourceforge/squirrel_sql/client/gui;1056;Technical Debt
isEditableXXX() methods in this class is to say that the column;CellComponentFactory.java;sql12/fw/src/net/sourceforge/squirrel_sql/fw/datasetviewer/cellcomponent;617;Technical Debt
is at best broken and unusable. Still, we do what the JDBC;DBUtil.java;sql12/plugins/dbcopy/src/net/sourceforge/squirrel_sql/plugins/dbcopy/util;805;Technical Debt
Inserts are not properly separated. We give up.;CodeReformator.java;sql12/fw/src/net/sourceforge/squirrel_sql/fw/codereformat;181;Technical Debt
implemented.  This kludge hardcodes the knowledge that specific;ContentsTab.java;sql12/app/src/net/sourceforge/squirrel_sql/client/session/mainpanel/objecttree/tabs/table;230;Technical Debt
If you think your selected Look and Feel slows down SQuirreL switch to a Metal or Plastic Look and Feel.];LAFPreferencesTab.java;sql12/plugins/laf/src/net/sourceforge/squirrel_sql/plugins/laf;179;Technical Debt
I cannot think of any reason for doing anything;PopupEditableIOPanel.java;sql12/fw/src/net/sourceforge/squirrel_sql/fw/datasetviewer;853;Technical Debt
have been stopped from editing by the isEditableXXX methods),;CellComponentFactory.java;sql12/fw/src/net/sourceforge/squirrel_sql/fw/datasetviewer/cellcomponent;191;Technical Debt
Hack!!! hopefully the FK name will always be the last token!;DropTablesCommand.java;sql12/plugins/refactoring/src/net/sourceforge/squirrel_sql/plugins/refactoring/commands;403;Technical Debt
HACK: some dbs (like Frontbase) don't support boolean;DBUtil.java;sql12/plugins/dbcopy/src/net/sourceforge/squirrel_sql/plugins/dbcopy/util;827;Technical Debt
Hack to deal with Sybase's sys tables;MockSessionInfoProvider.java;sql12/plugins/dbcopy/test/net/sourceforge/squirrel_sql/plugins/dbcopy;148;Technical Debt
Hack to deal with Ingres IIE* meta tables.;MockSessionInfoProvider.java;sql12/plugins/dbcopy/test/net/sourceforge/squirrel_sql/plugins/dbcopy;132;Technical Debt
Hack to deal with Firebird's RDB meta tables.;MockSessionInfoProvider.java;sql12/plugins/dbcopy/test/net/sourceforge/squirrel_sql/plugins/dbcopy;144;Technical Debt
Hack to deal with Axion AXION_* tables.;MockSessionInfoProvider.java;sql12/plugins/dbcopy/test/net/sourceforge/squirrel_sql/plugins/dbcopy;138;Technical Debt
guard against something really stupid;PopupEditableIOPanel.java;sql12/fw/src/net/sourceforge/squirrel_sql/fw/datasetviewer;440;Technical Debt
go away since the user may be able to fix the problem;RowDataInputFrame.java;sql12/fw/src/net/sourceforge/squirrel_sql/fw/datasetviewer;171;Technical Debt
for now.  See the TODO in the MySQLDialect for getCreateIndexSQL.;DialectExternalTest.java;sql12/test/external/net/sourceforge/squirrel_sql/fw/dialects;1524;Technical Debt
Fix the case according to what the database tells us.;DBUtil.java;sql12/plugins/dbcopy/src/net/sourceforge/squirrel_sql/plugins/dbcopy/util;1790;Technical Debt
Fix the case according to what the database tells us.;DBUtil.java;sql12/plugins/dbdiff/src/net/sourceforge/squirrel_sql/plugins/dbdiff/util;692;Technical Debt
extracted. Should we keep it around? How about using the current release.xml file ? Come to;ArtifactInstallerImpl.java;sql12/app/src/net/sourceforge/squirrel_sql/client/update/gui/installer;459;Technical Debt
Evil hack to split the vacuum output a little.;VacuumDatabaseCommand.java;sql12/plugins/postgres/src/net/sourceforge/squirrel_sql/plugins/postgres/commands;139;Technical Debt
do not dispose of this panel if there is a problem;EditWhereColsSheet.java;sql12/app/src/net/sourceforge/squirrel_sql/client/session/properties;192;Technical Debt
classpath. So as a work-around, we simply ensure that they are where they should be anyway.;ArtifactDownloaderImpl.java;sql12/app/src/net/sourceforge/squirrel_sql/client/update/downloader;217;Technical Debt
Can someone please tell me why Axion expects big integers to be limited;AxionDialectExt.java;sql12/fw/src/net/sourceforge/squirrel_sql/fw/dialects;52;Technical Debt
"Bug 2531193: Oracle create table script the ""ON UPDATE"" is wrong";DialectUtils.java;sql12/fw/src/net/sourceforge/squirrel_sql/fw/dialects;2627;Technical Debt
better safe than sorry!;CellImportExportInfoSaver.java;sql12/fw/src/net/sourceforge/squirrel_sql/fw/datasetviewer;140;Technical Debt
better safe than sorry!;CellImportExportInfoSaver.java;sql12/fw/src/net/sourceforge/squirrel_sql/fw/datasetviewer;182;Technical Debt
better safe than sorry!;CellImportExportInfoSaver.java;sql12/fw/src/net/sourceforge/squirrel_sql/fw/datasetviewer;90;Technical Debt
because it would mean a lot more work on every single AWT;EventDispatchThreadHangMonitor.java;sql12/app/src/net/sourceforge/squirrel_sql/client/util;74;Technical Debt
be the best way to get around the problem.;ContentsTab.java;sql12/app/src/net/sourceforge/squirrel_sql/client/session/mainpanel/objecttree/tabs/table;252;Technical Debt
BAD - Converting a URL to a file this way is problematic when the file path contains spaces;FileUriTest.java;sql12/test/adhoc/test;45;Technical Debt
an ObjectTree frame is created.  This is a really crappy and unreliable;ObjectTreePanel.java;sql12/app/src/net/sourceforge/squirrel_sql/client/session/mainpanel/objecttree;1092;Technical Debt
alt may not work. This code is a workaround. See bug report;MainFrame.java;sql12/app/src/net/sourceforge/squirrel_sql/client/gui/mainframe;402;Technical Debt
a great work-around. I filed a bug report on the mailing list,;McKoiDialectExt.java;sql12/fw/src/net/sourceforge/squirrel_sql/fw/dialects;77;Technical Debt
a directory). TODO: We should probably replace this test;FileTest.java;sql12/test/src/net/sourceforge/squirrel_sql/fw/util;454;Technical Debt
// used earlier. We use this little (ugly) trick to keep users being confused by;SessionProperties.java;sql12/app/src/net/sourceforge/squirrel_sql/client/session/properties;812;Technical Debt
// TODO: Remove some time later;SessionProperties.java;sql12/app/src/net/sourceforge/squirrel_sql/client/session/properties;814;Technical Debt
// called so we've used a workaround. The workaround doesn't work in;BaseListInternalFrame.java;sql12/app/src/net/sourceforge/squirrel_sql/client/gui/db;221;Technical Debt
* TODO: Work out why  * KLUDGE: For some reason, I am not able to get the sheet to  * size correctly. It always displays with a size that causes  * the sub-panels to have their scrollbars showing. Add a bit  * of an increase in the size of the panel so the scrollbars  * are not displayed.;EditWhereColsSheet.java;sql12/app/src/net/sourceforge/squirrel_sql/client/session/properties;130-137;Technical Debt
* TODO: When 1.4 is the earliest version supported, add the following line: *setSurrendersFocusOnKeystroke(true), * This should help handle some problems with navigation using tab & return * to move through cells.;DataSetViewerTablePanel.java;sql12/fw/src/net/sourceforge/squirrel_sql/fw/datasetviewer;200-205;Technical Debt
* TODO: This shouldn't be public. Its only been done for the JComplete  * plugin. At some stage this method will be returned to package visibility.;SessionPanel.java;sql12/app/src/net/sourceforge/squirrel_sql/client/gui/session;361-364;Technical Debt
* TODO: This should not be public. Check all usages of it  * and put appropriate methods in an API object.;SessionPanel.java;sql12/app/src/net/sourceforge/squirrel_sql/client/gui/session;215-218;Technical Debt
"* TODO: this is a bug in the code at the moment.  If table ""test"" isn't qualified then this test passes -   * so we need to beef up qualified tablename handling.";EditableSqlCheckTest.java;sql12/test/src/net/sourceforge/squirrel_sql/client/session;63-66;Technical Debt
* TODO: move to IOUtilities  *   * @see net.sourceforge.squirrel_sql.client.update.UpdateUtil#createZipFile(FileWrapper, FileWrapper[]);UpdateUtilImpl.java;sql12/app/src/net/sourceforge/squirrel_sql/client/update;723-727;Technical Debt
* TODO: Move this to IOUtilities Extracts the specified zip file to the specified output directory.  *   * @param zipFile  * @param outputDirectory  * @throws IOException;UpdateUtilImpl.java;sql12/app/src/net/sourceforge/squirrel_sql/client/update;776-782;Technical Debt
"* TODO: Move all code other than for window creation up to AliasWindowManager  * Factory to handle creation of maintenance sheets for SQL Driver objects.  *  * @author <A HREF=""mailto:colbell@users.sourceforge.net"">Colin Bell</A>";DriverWindowFactory.java;sql12/app/src/net/sourceforge/squirrel_sql/client/gui/db;38-43;Technical Debt
"* TODO: Move all code other than for window creation up to AliasWindowManager  * Factory to handle creation of maintenance sheets for SQL Alias objects.  *  * @author <A HREF=""mailto:colbell@users.sourceforge.net"">Colin Bell</A>";AliasWindowFactory.java;sql12/app/src/net/sourceforge/squirrel_sql/client/gui/db;37-42;Technical Debt
* TODO: JavaDoc  *   * @author Colin Bell;SQLHistoryComboBoxModel.java;sql12/app/src/net/sourceforge/squirrel_sql/client/session/mainpanel;29-33;Technical Debt
* TODO: hookup with Interbase spec and adjust these as necessary.;InterbaseDialectExt.java;sql12/fw/src/net/sourceforge/squirrel_sql/fw/dialects;45-47;Technical Debt
"* TODO: Get rid of this class.  * This combobox contains all the columns in an SQL table.  *  * @author <A HREF=""mailto:colbell@users.sourceforge.net"">Colin Bell</A>";ColumnsComboBox.java;sql12/plugins/mysql/src/net/sourceforge/squirrel_sql/plugins/mysql/gui;21-26;Technical Debt
* TODO: finish i18n;Application.java;sql12/app/src/net/sourceforge/squirrel_sql/client;3-5;Technical Debt
* TODO: Delete this class - unused;AlterTablePanelBuilder.java;sql12/plugins/mysql/src/net/sourceforge/squirrel_sql/plugins/mysql/gui;4-6;Technical Debt
* TODO: Clean this mess up!!!! Load plugins. Load all plugin jars into class loader.;IPluginManager.java;sql12/app/src/net/sourceforge/squirrel_sql/client/plugin;94-96;Technical Debt
* TODO: Clean this mess up!!!! Load plugins. Load all plugin jars into class loader.;PluginManager.java;sql12/app/src/net/sourceforge/squirrel_sql/client/plugin;396-398;Technical Debt
"* This class manages the windows for the application.  *  * TODO: Correct these notes  * <p>When a session closes the window manager will ensure that  * all of the windows for that sesion are closed.  * <p>Similarily when a window is closed the windows manager will ensure that  * references to the window are removed for the session.  *  * JASON: Prior to this patch there was some code movement from this class to  * Sessionmanager. The idea being that Sessionmanager was the controller.  * Do we still want to do this? Remember in the future there will probably be  * an SDI as well as MDI version of the windows.  *  * @author <A HREF=""mailto:colbell@users.sourceforge.net"">Colin Bell</A>  * @author <A HREF=""mailto:jmheight@users.sourceforge.net"">Jason Height</A>";WindowManager.java;sql12/app/src/net/sourceforge/squirrel_sql/client/gui;60-76;Technical Debt
"* This <CODE>ICommand</CODE> displays a dialog box that allows the user to  * enter a 'where' clause or an 'order by' clause used when getting data via  * the 'Contents' tab.  *  * @author <A HREF=""mailto:mjhammel@users.sourceforge.net"">Maury Hammel</A>  *  * TODO: Change name to ContentsTabFilterCommand";SQLFilterCommand.java;sql12/app/src/net/sourceforge/squirrel_sql/client/session/action;29-37;Technical Debt
* the utility class that reads and writes release info from/to the release.xml file TODO: Spring-inject  * when this class is a Spring bean;UpdateUtilImpl.java;sql12/app/src/net/sourceforge/squirrel_sql/client/update;146-149;Technical Debt
* SQLFilterAction.java  *  * Created on March 22, 2003, 10:55 AM  *  * Adapted from SessionPropertiesAction.java by Colin Bell.  *  * TODO: CHange name to ContentsTabFilterAction;SQLFilterAction.java;sql12/app/src/net/sourceforge/squirrel_sql/client/session/action;35-43;Technical Debt
* Sorts the specified destInfos array based on the order of the sourceInfos      * array.  Not a very efficient algorthim, but it gets the job done.      * TODO: rewrite this using Collections sorting capability.      *       * @param sourceInfos      * @param destInfos      * @param sourceTableName      * @param destTableName      * @return a re-ordered version of the specified destInfos array      * @throws MappingException if the arrays differ in length or column names.;CopyExecutor.java;sql12/plugins/dbcopy/src/net/sourceforge/squirrel_sql/plugins/dbcopy;675-686;Technical Debt
* Set the password for this alias.  *  * @param password The new password.  *  * @throws ValidationException  * TODO: What conditions?;ISQLAlias.java;sql12/fw/src/net/sourceforge/squirrel_sql/fw/sql;81-88;Technical Debt
* Save into these attributes the parameters of the last message being output.  * @todo In the near future: if more than one message shall be remembered, then these variables  * need to be replaced with a dynamic storage (ArrayList or similar).;MessagePanel.java;sql12/app/src/net/sourceforge/squirrel_sql/client/session;71-75;Technical Debt
"* Generates the qualified name (for example, ""SCHEMA.SIMPLENAME"").  This is highly database specific and     * should probably be moved into the dialects.     *        * @TODO Break out the dialect-specific logic into the dialects.  Allow for the default parts of the      * algorithm below to be used when a dialect is unavailable.       *        * @param md     * @return";DatabaseObjectInfo.java;sql12/fw/src/net/sourceforge/squirrel_sql/fw/sql;168-177;Technical Debt
"* For Oracle 10g we could say something like :  *  * ""where XMLSERIALIZE(CONTENT "" + _colDef.getLabel() +"") like '<value>'"" *  * This doesn't appear to work on Oracle 9i at the moment, so we will * avoid using this column in any where clause if the value is non-null, * which is what the superclass implementation does. *  * TODO: Find a way to do this for both versions or split this behavior * so that it works on 10g and is disabled on 9i.";OracleXmlTypeDataTypeComponent.java;sql12/plugins/oracle/src/net/sourceforge/squirrel_sql/plugins/oracle/types;113-124;Technical Debt
* Called when app shutdown.  * TODO: Put throws clause back in;IPlugin.java;sql12/app/src/net/sourceforge/squirrel_sql/client/plugin;50-53;Technical Debt
"* A dialect delegate for the TimesTen database.  * TODO: This dialect is not yet complete.  Need to provide implementations wherever ""Not yet implemented""  * appears.";TimesTenDialectExt.java;sql12/fw/src/net/sourceforge/squirrel_sql/fw/dialects;34-38;Technical Debt
"* A dialect delegate for the Sun Microsystems HADB (High-Availability) database.  * TODO: This dialect is not yet complete.  Need to provide implementations wherever ""Not yet implemented""  * appears.  *   * @author manningr";HADBDialectExt.java;sql12/fw/src/net/sourceforge/squirrel_sql/fw/dialects;34-40;Technical Debt
* A dialect delegate for the Progress database. TODO: Progress specification says that the sum of all column  * lengths of a table row may not exceed 31960. Need to add an interface method to the HibernateDialect  * interface that takes an array of lengths and and checks the sum of columns for a row. This maximum number  * may be different across databases so this check method needs to be implemented by each dialect.  *   * @author manningr;ProgressDialectExt.java;sql12/fw/src/net/sourceforge/squirrel_sql/fw/dialects;37-44;Technical Debt
"* A dialect delegate for the Axion database.    * TODO: This dialect is not yet complete.  Need to provide implementations wherever ""Not yet implemented""  * appears.";AxionDialectExt.java;sql12/fw/src/net/sourceforge/squirrel_sql/fw/dialects;34-38;Technical Debt
*      *      * Implement IDataSetUpdateableModel interface      * and IDataSetUpdateableTableModel interface      *      * TODO: THIS CODE WAS COPIED FROM ContentsTab.  IT SHOULD PROBABLY      * BE PUT INTO A COMMON LOCATION AND SHARED BY BOTH THIS      * CLASS AND ContentsTab.      *      *;SQLExecuterTask.java;sql12/app/src/net/sourceforge/squirrel_sql/client/session;632-643;Technical Debt
